<?xml version="1.0" encoding="UTF-8"?>
<project-private xmlns="http://www.netbeans.org/ns/project-private/1">
    <editor-bookmarks xmlns="http://www.netbeans.org/ns/editor-bookmarks/2" lastBookmarkId="0"/>
    <open-files xmlns="http://www.netbeans.org/ns/projectui-open-files/2">
        <group>
            <file>file:/D:/jaede/CS/3rd%20Qtr/Finished%20Outputs/Milestone%202/Muon-Cadiogan-Muon-Camu-Muon-Castro_3Q%20Project%20Milestone%202/src/muon/cadiogan/muon/camu/muon/castro_3q/project/milestone/pkg2/MuonCadioganMuonCamuMuonCastro_3QProjectMilestone2.java</file>
            <file>file:/D:/jaede/CS/3rd%20Qtr/Finished%20Outputs/Milestone%202/Muon-Cadiogan-Muon-Camu-Muon-Castro_3Q%20Project%20Milestone%202/src/muon/cadiogan/muon/camu/muon/castro_3q/project/milestone/pkg2/FXMLDocument.fxml</file>
            <file>file:/D:/jaede/CS/3rd%20Qtr/Finished%20Outputs/Milestone%202/Muon-Cadiogan-Muon-Camu-Muon-Castro_3Q%20Project%20Milestone%202/src/muon/cadiogan/muon/camu/muon/castro_3q/project/milestone/pkg2/BattleScreenController.java</file>
        </group>
    </open-files>
</project-private>
